id,firstname,lastname,email,email2,profession
100,Clary,Delp,Clary.Delp@yopmail.com,Clary.Delp@gmail.com,firefighter
101,Fina,Dom,Fina.Dom@yopmail.com,Fina.Dom@gmail.com,police officer
102,Alie,Krystle,Alie.Krystle@yopmail.com,Alie.Krystle@gmail.com,worker
103,Demetris,Cavan,Demetris.Cavan@yopmail.com,Demetris.Cavan@gmail.com,police officer
104,Fanny,Kress,Fanny.Kress@yopmail.com,Fanny.Kress@gmail.com,worker
105,Mellicent,Hepsibah,Mellicent.Hepsibah@yopmail.com,Mellicent.Hepsibah@gmail.com,doctor
106,Kimmy,Kinnard,Kimmy.Kinnard@yopmail.com,Kimmy.Kinnard@gmail.com,firefighter
107,Lusa,Milson,Lusa.Milson@yopmail.com,Lusa.Milson@gmail.com,developer
108,Florencia,Gordon,Florencia.Gordon@yopmail.com,Florencia.Gordon@gmail.com,worker
109,Celene,Dreda,Celene.Dreda@yopmail.com,Celene.Dreda@gmail.com,developer